{"test_accs": {"(2, 1)": 1.0, "(2, 2)": 0.99640625, "(2, 3)": 0.98203125, "(2, 4)": 0.96875, "(2, 5)": 0.9584375, "(2, 6)": 0.95109375, "(2, 7)": 0.94921875, "(2, 8)": 0.941875, "(3, 1)": 1.0, "(3, 2)": 0.99515625, "(3, 3)": 0.98296875, "(3, 4)": 0.97296875, "(3, 5)": 0.95546875, "(3, 6)": 0.94953125, "(3, 7)": 0.9515625, "(3, 8)": 0.9415625, "(4, 1)": 1.0, "(4, 2)": 0.99359375, "(4, 3)": 0.98109375, "(4, 4)": 0.96890625, "(4, 5)": 0.95609375, "(4, 6)": 0.94921875, "(4, 7)": 0.94265625, "(4, 8)": 0.93875, "(5, 1)": 0.98234375, "(5, 2)": 0.930625, "(5, 3)": 0.8775, "(5, 4)": 0.83921875, "(5, 5)": 0.81953125, "(5, 6)": 0.79359375, "(5, 7)": 0.7878125, "(5, 8)": 0.78, "(6, 1)": 0.97984375, "(6, 2)": 0.65890625, "(6, 3)": 0.5184375, "(6, 4)": 0.4865625, "(6, 5)": 0.44546875, "(6, 6)": 0.4203125, "(6, 7)": 0.39421875, "(6, 8)": 0.39890625, "(7, 1)": 0.95, "(7, 2)": 0.60703125, "(7, 3)": 0.5015625, "(7, 4)": 0.455, "(7, 5)": 0.415625, "(7, 6)": 0.39640625, "(7, 7)": 0.38859375, "(7, 8)": 0.3746875, "(8, 1)": 0.925, "(8, 2)": 0.60484375, "(8, 3)": 0.4971875, "(8, 4)": 0.44421875, "(8, 5)": 0.41109375, "(8, 6)": 0.401875, "(8, 7)": 0.38078125, "(8, 8)": 0.37015625, "(9, 1)": 0.8215625, "(9, 2)": 0.5353125, "(9, 3)": 0.43625, "(9, 4)": 0.38609375, "(9, 5)": 0.3725, "(9, 6)": 0.3528125, "(9, 7)": 0.34859375, "(9, 8)": 0.3478125, "(10, 1)": 0.759375, "(10, 2)": 0.51140625, "(10, 3)": 0.430625, "(10, 4)": 0.3765625, "(10, 5)": 0.35734375, "(10, 6)": 0.3471875, "(10, 7)": 0.3384375, "(10, 8)": 0.319375, "(11, 1)": 0.4078125, "(11, 2)": 0.3096875, "(11, 3)": 0.27265625, "(11, 4)": 0.263125, "(11, 5)": 0.25546875, "(11, 6)": 0.2540625, "(11, 7)": 0.24796875, "(11, 8)": 0.25328125, "(12, 1)": 0.39296875, "(12, 2)": 0.3109375, "(12, 3)": 0.27234375, "(12, 4)": 0.26359375, "(12, 5)": 0.25625, "(12, 6)": 0.25328125, "(12, 7)": 0.2528125, "(12, 8)": 0.25015625, "(13, 1)": 0.3815625, "(13, 2)": 0.29796875, "(13, 3)": 0.2746875, "(13, 4)": 0.258125, "(13, 5)": 0.24828125, "(13, 6)": 0.2471875, "(13, 7)": 0.24421875, "(13, 8)": 0.2484375, "(14, 1)": 0.37484375, "(14, 2)": 0.29234375, "(14, 3)": 0.26921875, "(14, 4)": 0.25890625, "(14, 5)": 0.2465625, "(14, 6)": 0.24859375, "(14, 7)": 0.25125, "(14, 8)": 0.25140625, "(15, 1)": 0.3678125, "(15, 2)": 0.29484375, "(15, 3)": 0.265, "(15, 4)": 0.26046875, "(15, 5)": 0.2521875, "(15, 6)": 0.250625, "(15, 7)": 0.23953125, "(15, 8)": 0.24203125}, "accs": [0.862748384475708, 0.9395780563354492, 0.972653865814209, 0.9869779944419861, 0.9909713268280029], "h_entropies": [0.0, 0.0, 0.0, 0.0, 0.0], "y_entropies": [0.0, 0.0, 0.0, 0.0, 0.0]}