{"test_accs": {"(5, 1)": 0.98703125, "(5, 2)": 0.971875, "(5, 3)": 0.94828125, "(5, 4)": 0.93078125, "(6, 1)": 0.9934375, "(6, 2)": 0.97390625, "(6, 3)": 0.9478125, "(6, 4)": 0.92859375, "(7, 1)": 0.98765625, "(7, 2)": 0.9575, "(7, 3)": 0.92234375, "(7, 4)": 0.90515625, "(8, 1)": 0.97890625, "(8, 2)": 0.91796875, "(8, 3)": 0.89796875, "(8, 4)": 0.864375}, "accs": [], "h_entropies": [], "y_entropies": []}